datetime,temp,community_name,wind_speed,short_wave_from_sky_1hour
2020-06-01 00:00:00,13.3,Stabroek,1.493,0.0
2020-06-01 01:00:00,12.7,Stabroek,1.124,0.0
2020-06-01 02:00:00,11.7,Stabroek,1.257,0.0
2020-06-01 03:00:00,10.8,Stabroek,1.168,0.0
2020-06-01 04:00:00,10.6,Stabroek,1.11,1800.0
2020-06-01 05:00:00,12.7,Stabroek,2.044,126600.0
2020-06-01 06:00:00,15.9,Stabroek,2.41,693400.0
2020-06-01 07:00:00,18.3,Stabroek,2.695,1253800.0
2020-06-01 08:00:00,20.5,Stabroek,2.747,1788200.0
2020-06-01 09:00:00,22.1,Stabroek,3.322,2261100.0
2020-06-01 10:00:00,23.3,Stabroek,,2656600.0
2020-06-01 11:00:00,24.4,Stabroek,,2937600.0
2020-06-01 12:00:00,24.6,Stabroek,,3135900.0
2020-06-01 13:00:00,25.5,Stabroek,,3160100.0
2020-06-01 14:00:00,26.4,Stabroek,,2877200.0
2020-06-01 15:00:00,25.7,Stabroek,,2380400.0
2020-06-01 16:00:00,26.1,Stabroek,,2038200.0
2020-06-01 17:00:00,25.1,Stabroek,,1515500.0
2020-06-01 18:00:00,23.3,Stabroek,,478300.0
2020-06-01 19:00:00,22.1,Stabroek,,290500.0
2020-06-01 20:00:00,21.0,Stabroek,,116600.0
2020-06-01 21:00:00,19.4,Stabroek,,0.0
2020-06-01 22:00:00,17.8,Stabroek,,0.0
2020-06-01 23:00:00,17.0,Stabroek,,0.0
2020-06-02 00:00:00,15.5,Stabroek,,0.0
2020-06-02 01:00:00,14.4,Stabroek,,0.0
2020-06-02 02:00:00,12.9,Stabroek,,0.0
2020-06-02 03:00:00,11.3,Stabroek,,0.0
2020-06-02 04:00:00,10.9,Stabroek,,2700.0
2020-06-02 05:00:00,12.9,Stabroek,,151800.0
2020-06-02 06:00:00,16.7,Stabroek,,606900.0
2020-06-02 07:00:00,20.0,Stabroek,,1158200.0
2020-06-02 08:00:00,21.8,Stabroek,,1650400.0
2020-06-02 09:00:00,24.2,Stabroek,,2277200.0
2020-06-02 10:00:00,24.8,Stabroek,,2597500.0
2020-06-02 11:00:00,25.1,Stabroek,,2867200.0
2020-06-02 12:00:00,25.8,Stabroek,,3112600.0
2020-06-02 13:00:00,25.9,Stabroek,,3094600.0
2020-06-02 14:00:00,26.0,Stabroek,,2880600.0
2020-06-02 15:00:00,25.4,Stabroek,,2496700.0
2020-06-02 16:00:00,24.1,Stabroek,,2033500.0
2020-06-02 17:00:00,22.5,Stabroek,,1343200.0
2020-06-02 18:00:00,21.8,Stabroek,,874300.0
2020-06-02 19:00:00,19.8,Stabroek,,310300.0
2020-06-02 20:00:00,18.0,Stabroek,,94300.0
2020-06-02 21:00:00,16.7,Stabroek,,0.0
2020-06-02 22:00:00,15.8,Stabroek,,0.0
2020-06-02 23:00:00,14.6,Stabroek,,0.0
2020-06-03 00:00:00,14.2,Stabroek,,0.0
2020-06-03 01:00:00,13.8,Stabroek,,0.0
2020-06-03 02:00:00,13.7,Stabroek,,0.0
2020-06-03 03:00:00,13.5,Stabroek,,0.0
2020-06-03 04:00:00,13.1,Stabroek,,0.0
2020-06-03 05:00:00,12.8,Stabroek,,77700.0
2020-06-03 06:00:00,13.3,Stabroek,,454400.0
2020-06-03 07:00:00,14.2,Stabroek,,944900.0
2020-06-03 08:00:00,15.5,Stabroek,,1566400.0
2020-06-03 09:00:00,17.1,Stabroek,,2157500.0
2020-06-03 10:00:00,18.9,Stabroek,,2369800.0
2020-06-03 11:00:00,20.0,Stabroek,,2751300.0
2020-06-03 12:00:00,20.8,Stabroek,,2586700.0
2020-06-03 13:00:00,21.0,Stabroek,,2493300.0
2020-06-03 14:00:00,20.7,Stabroek,,1757700.0
2020-06-03 15:00:00,20.6,Stabroek,,1653400.0
2020-06-03 16:00:00,20.7,Stabroek,,1452400.0
2020-06-03 17:00:00,19.4,Stabroek,,1541000.0
2020-06-03 18:00:00,18.5,Stabroek,,956800.0
2020-06-03 19:00:00,17.6,Stabroek,,622600.0
2020-06-03 20:00:00,15.9,Stabroek,,127600.0
2020-06-03 21:00:00,14.6,Stabroek,,0.0
2020-06-03 22:00:00,14.0,Stabroek,,0.0
2020-06-03 23:00:00,14.0,Stabroek,,0.0
2020-06-04 00:00:00,13.9,Stabroek,,0.0
2020-06-04 01:00:00,13.9,Stabroek,,0.0
2020-06-04 02:00:00,13.8,Stabroek,,0.0
2020-06-04 03:00:00,13.9,Stabroek,,0.0
2020-06-04 04:00:00,13.9,Stabroek,,0.0
2020-06-04 05:00:00,13.9,Stabroek,,28100.0
2020-06-04 06:00:00,13.9,Stabroek,,90900.0
2020-06-04 07:00:00,13.7,Stabroek,,44500.0
2020-06-04 08:00:00,14.3,Stabroek,,168300.0
2020-06-04 09:00:00,15.0,Stabroek,,450400.0
2020-06-04 10:00:00,15.9,Stabroek,,1063700.0
2020-06-04 11:00:00,16.0,Stabroek,,1191800.0
2020-06-04 12:00:00,14.9,Stabroek,,877400.0
2020-06-04 13:00:00,14.2,Stabroek,,1107300.0
2020-06-04 14:00:00,14.9,Stabroek,,866200.0
2020-06-04 15:00:00,15.1,Stabroek,,1188900.0
2020-06-04 16:00:00,13.9,Stabroek,,1063700.0
2020-06-04 17:00:00,11.7,Stabroek,,376700.0
2020-06-04 18:00:00,12.1,Stabroek,,224100.0
2020-06-04 19:00:00,12.1,Stabroek,,142500.0
2020-06-04 20:00:00,11.2,Stabroek,,35100.0
2020-06-04 21:00:00,11.6,Stabroek,,0.0
2020-06-04 22:00:00,11.8,Stabroek,,0.0
2020-06-04 23:00:00,11.3,Stabroek,,0.0
2020-06-05 00:00:00,10.6,Stabroek,,0.0
2020-06-05 01:00:00,10.8,Stabroek,,0.0
2020-06-05 02:00:00,11.0,Stabroek,,0.0
2020-06-05 03:00:00,10.9,Stabroek,,0.0
2020-06-05 04:00:00,11.0,Stabroek,,1000.0
2020-06-05 05:00:00,11.3,Stabroek,,101800.0
2020-06-05 06:00:00,12.0,Stabroek,,369200.0
2020-06-05 07:00:00,12.8,Stabroek,,528100.0
2020-06-05 08:00:00,13.2,Stabroek,,713400.0
2020-06-05 09:00:00,11.1,Stabroek,,245600.0
2020-06-05 10:00:00,10.4,Stabroek,,116900.0
2020-06-05 11:00:00,12.9,Stabroek,,1436300.0
2020-06-05 12:00:00,14.0,Stabroek,,1777300.0
2020-06-05 13:00:00,10.9,Stabroek,,1287600.0
2020-06-05 14:00:00,11.1,Stabroek,,1100400.0
2020-06-05 15:00:00,12.0,Stabroek,,1144700.0
2020-06-05 16:00:00,11.6,Stabroek,,613200.0
2020-06-05 17:00:00,11.5,Stabroek,,706300.0
2020-06-05 18:00:00,11.7,Stabroek,,837500.0
2020-06-05 19:00:00,10.0,Stabroek,,279200.0
2020-06-05 20:00:00,9.7,Stabroek,,149300.0
2020-06-05 21:00:00,9.3,Stabroek,,0.0
2020-06-05 22:00:00,9.6,Stabroek,,0.0
2020-06-05 23:00:00,9.6,Stabroek,,0.0
2020-06-06 00:00:00,9.4,Stabroek,,0.0
2020-06-06 01:00:00,9.3,Stabroek,,0.0
2020-06-06 02:00:00,9.4,Stabroek,,0.0
2020-06-06 03:00:00,9.1,Stabroek,,0.0
2020-06-06 04:00:00,9.1,Stabroek,,500.0
2020-06-06 05:00:00,9.2,Stabroek,,44300.0
2020-06-06 06:00:00,9.2,Stabroek,,109500.0
2020-06-06 07:00:00,11.1,Stabroek,,896700.0
2020-06-06 08:00:00,12.2,Stabroek,,1399200.0
2020-06-06 09:00:00,13.3,Stabroek,,1650600.0
2020-06-06 10:00:00,14.1,Stabroek,,2333700.0
2020-06-06 11:00:00,14.5,Stabroek,,2021800.0
2020-06-06 12:00:00,14.7,Stabroek,,2346900.0
2020-06-06 13:00:00,15.7,Stabroek,,2434200.0
2020-06-06 14:00:00,15.7,Stabroek,,2320300.0
2020-06-06 15:00:00,15.3,Stabroek,,1929800.0
2020-06-06 16:00:00,15.1,Stabroek,,1201600.0
2020-06-06 17:00:00,14.2,Stabroek,,556300.0
2020-06-06 18:00:00,13.4,Stabroek,,254300.0
2020-06-06 19:00:00,11.7,Stabroek,,107200.0
2020-06-06 20:00:00,12.0,Stabroek,,67600.0
2020-06-06 21:00:00,11.7,Stabroek,,0.0
2020-06-06 22:00:00,12.1,Stabroek,,0.0
2020-06-06 23:00:00,11.3,Stabroek,,0.0
2020-06-07 00:00:00,11.2,Stabroek,,0.0
2020-06-07 01:00:00,11.0,Stabroek,,0.0
2020-06-07 02:00:00,11.0,Stabroek,,0.0
2020-06-07 03:00:00,10.8,Stabroek,,0.0
2020-06-07 04:00:00,10.6,Stabroek,,100.0
2020-06-07 05:00:00,10.8,Stabroek,,82100.0
2020-06-07 06:00:00,11.1,Stabroek,,238900.0
2020-06-07 07:00:00,12.2,Stabroek,,422500.0
2020-06-07 08:00:00,13.6,Stabroek,,1670700.0
2020-06-07 09:00:00,14.7,Stabroek,,1357600.0
2020-06-07 10:00:00,15.4,Stabroek,,1667300.0
2020-06-07 11:00:00,16.5,Stabroek,,2268600.0
2020-06-07 12:00:00,17.2,Stabroek,,2953500.0
2020-06-07 13:00:00,17.2,Stabroek,,2814700.0
2020-06-07 14:00:00,17.7,Stabroek,,1756500.0
2020-06-07 15:00:00,17.0,Stabroek,,1521900.0
2020-06-07 16:00:00,16.0,Stabroek,,1430800.0
2020-06-07 17:00:00,16.3,Stabroek,,1111900.0
2020-06-07 18:00:00,14.6,Stabroek,,496200.0
2020-06-07 19:00:00,14.0,Stabroek,,158200.0
2020-06-07 20:00:00,13.3,Stabroek,,13300.0
2020-06-07 21:00:00,13.1,Stabroek,,0.0
2020-06-07 22:00:00,12.8,Stabroek,,0.0
2020-06-07 23:00:00,12.7,Stabroek,,0.0
2020-06-08 00:00:00,12.5,Stabroek,,0.0
2020-06-08 01:00:00,12.4,Stabroek,,0.0
2020-06-08 02:00:00,12.4,Stabroek,,0.0
2020-06-08 03:00:00,12.2,Stabroek,,0.0
2020-06-08 04:00:00,12.1,Stabroek,,0.0
2020-06-08 05:00:00,12.4,Stabroek,,45600.0
2020-06-08 06:00:00,12.9,Stabroek,,270200.0
2020-06-08 07:00:00,13.3,Stabroek,,623800.0
2020-06-08 08:00:00,13.3,Stabroek,,660800.0
2020-06-08 09:00:00,14.0,Stabroek,,778900.0
2020-06-08 10:00:00,15.4,Stabroek,,1396300.0
2020-06-08 11:00:00,15.7,Stabroek,,1867900.0
2020-06-08 12:00:00,15.2,Stabroek,,932000.0
2020-06-08 13:00:00,16.0,Stabroek,,1163400.0
2020-06-08 14:00:00,15.5,Stabroek,,488100.0
2020-06-08 15:00:00,15.1,Stabroek,,311400.0
2020-06-08 16:00:00,17.0,Stabroek,,1678500.0
2020-06-08 17:00:00,15.6,Stabroek,,1858900.0
2020-06-08 18:00:00,14.1,Stabroek,,433200.0
2020-06-08 19:00:00,13.5,Stabroek,,91600.0
2020-06-08 20:00:00,13.3,Stabroek,,20500.0
2020-06-08 21:00:00,13.0,Stabroek,,0.0
2020-06-08 22:00:00,12.9,Stabroek,,0.0
2020-06-08 23:00:00,12.8,Stabroek,,0.0
2020-06-09 00:00:00,12.6,Stabroek,,0.0
2020-06-09 01:00:00,12.2,Stabroek,,0.0
2020-06-09 02:00:00,11.9,Stabroek,,0.0
2020-06-09 03:00:00,11.6,Stabroek,,0.0
2020-06-09 04:00:00,11.5,Stabroek,,0.0
2020-06-09 05:00:00,11.4,Stabroek,,49500.0
2020-06-09 06:00:00,11.9,Stabroek,,262900.0
2020-06-09 07:00:00,12.4,Stabroek,,660400.0
2020-06-09 08:00:00,12.9,Stabroek,,497700.0
2020-06-09 09:00:00,14.6,Stabroek,,1469800.0
2020-06-09 10:00:00,15.2,Stabroek,,2465200.0
2020-06-09 11:00:00,14.7,Stabroek,,986300.0
2020-06-09 12:00:00,15.0,Stabroek,,969200.0
2020-06-09 13:00:00,15.4,Stabroek,,1137300.0
2020-06-09 14:00:00,15.6,Stabroek,,1264500.0
2020-06-09 15:00:00,16.1,Stabroek,,1998600.0
2020-06-09 16:00:00,16.1,Stabroek,,1113100.0
2020-06-09 17:00:00,16.0,Stabroek,,637000.0
2020-06-09 18:00:00,15.9,Stabroek,,448400.0
2020-06-09 19:00:00,14.8,Stabroek,,293100.0
2020-06-09 20:00:00,13.9,Stabroek,,29400.0
2020-06-09 21:00:00,13.2,Stabroek,,0.0
2020-06-09 22:00:00,12.4,Stabroek,,0.0
2020-06-09 23:00:00,11.6,Stabroek,,0.0
2020-06-10 00:00:00,10.6,Stabroek,,0.0
2020-06-10 01:00:00,9.5,Stabroek,,0.0
2020-06-10 02:00:00,8.3,Stabroek,,0.0
2020-06-10 03:00:00,8.1,Stabroek,,0.0
2020-06-10 04:00:00,8.8,Stabroek,,600.0
2020-06-10 05:00:00,9.7,Stabroek,,70700.0
2020-06-10 06:00:00,10.5,Stabroek,,247600.0
2020-06-10 07:00:00,11.9,Stabroek,,486300.0
2020-06-10 08:00:00,13.2,Stabroek,,875700.0
2020-06-10 09:00:00,14.8,Stabroek,,1062300.0
2020-06-10 10:00:00,16.7,Stabroek,,463700.0
2020-06-10 11:00:00,17.5,Stabroek,,2094700.0
2020-06-10 12:00:00,18.0,Stabroek,,1540700.0
2020-06-10 13:00:00,17.0,Stabroek,,638300.0
2020-06-10 14:00:00,16.7,Stabroek,,367000.0
2020-06-10 15:00:00,16.1,Stabroek,,245600.0
2020-06-10 16:00:00,15.5,Stabroek,,187800.0
2020-06-10 17:00:00,15.8,Stabroek,,467400.0
2020-06-10 18:00:00,16.2,Stabroek,1.736,642600.0
2020-06-10 19:00:00,15.9,Stabroek,2.151,151600.0
2020-06-10 20:00:00,15.3,Stabroek,1.628,33200.0
2020-06-10 21:00:00,14.6,Stabroek,1.0,0.0
2020-06-10 22:00:00,14.4,Stabroek,0.0,0.0
2020-06-10 23:00:00,14.0,Stabroek,1.069,0.0
2020-06-11 00:00:00,13.9,Stabroek,1.148,0.0
2020-06-11 01:00:00,14.1,Stabroek,1.0,0.0
2020-06-11 02:00:00,14.1,Stabroek,1.058,0.0
2020-06-11 03:00:00,14.0,Stabroek,1.0,0.0
2020-06-11 04:00:00,13.5,Stabroek,1.462,500.0
2020-06-11 05:00:00,13.7,Stabroek,1.685,64000.0
2020-06-11 06:00:00,14.9,Stabroek,2.634,495400.0
2020-06-11 07:00:00,15.3,Stabroek,2.711,764600.0
2020-06-11 08:00:00,16.3,Stabroek,2.734,1141000.0
2020-06-11 09:00:00,17.6,Stabroek,3.413,1715800.0
2020-06-11 10:00:00,18.1,Stabroek,3.926,2004800.0
2020-06-11 11:00:00,18.0,Stabroek,3.862,1633200.0
2020-06-11 12:00:00,18.0,Stabroek,3.358,962800.0
2020-06-11 13:00:00,17.4,Stabroek,2.858,1123800.0
2020-06-11 14:00:00,17.8,Stabroek,2.339,1124200.0
2020-06-11 15:00:00,17.9,Stabroek,2.127,831000.0
2020-06-11 16:00:00,19.1,Stabroek,2.175,1210200.0
2020-06-11 17:00:00,19.8,Stabroek,2.057,1725800.0
2020-06-11 18:00:00,19.3,Stabroek,3.526,1112000.0
2020-06-11 19:00:00,18.3,Stabroek,2.305,477600.0
2020-06-11 20:00:00,16.8,Stabroek,1.492,126500.0
2020-06-11 21:00:00,14.9,Stabroek,1.434,0.0
2020-06-11 22:00:00,14.9,Stabroek,1.804,0.0
2020-06-11 23:00:00,14.4,Stabroek,1.97,0.0
2020-06-12 00:00:00,14.4,Stabroek,2.453,0.0
2020-06-12 01:00:00,14.9,Stabroek,2.25,0.0
2020-06-12 02:00:00,15.0,Stabroek,2.026,0.0
2020-06-12 03:00:00,14.2,Stabroek,2.171,0.0
2020-06-12 04:00:00,14.7,Stabroek,2.214,5400.0
2020-06-12 05:00:00,15.3,Stabroek,2.261,208400.0
2020-06-12 06:00:00,16.9,Stabroek,2.638,670800.0
2020-06-12 07:00:00,18.6,Stabroek,4.148,1242400.0
2020-06-12 08:00:00,19.9,Stabroek,3.925,1818300.0
2020-06-12 09:00:00,20.9,Stabroek,3.661,2261900.0
2020-06-12 10:00:00,22.1,Stabroek,4.551,2703800.0
2020-06-12 11:00:00,22.9,Stabroek,3.911,2646800.0
2020-06-12 12:00:00,23.3,Stabroek,4.44,2283700.0
2020-06-12 13:00:00,22.7,Stabroek,3.189,1212400.0
2020-06-12 14:00:00,21.6,Stabroek,2.341,1035400.0
2020-06-12 15:00:00,21.0,Stabroek,4.335,578700.0
2020-06-12 16:00:00,21.6,Stabroek,2.984,792000.0
2020-06-12 17:00:00,21.1,Stabroek,4.689,562100.0
2020-06-12 18:00:00,21.4,Stabroek,2.865,514000.0
2020-06-12 19:00:00,20.8,Stabroek,0.0,273300.0
2020-06-12 20:00:00,16.8,Stabroek,5.371,21300.0
2020-06-12 21:00:00,15.9,Stabroek,2.225,0.0
2020-06-12 22:00:00,15.4,Stabroek,1.486,0.0
2020-06-12 23:00:00,15.1,Stabroek,1.296,0.0
2020-06-13 00:00:00,15.0,Stabroek,2.389,0.0
2020-06-13 01:00:00,15.2,Stabroek,1.87,0.0
2020-06-13 02:00:00,15.2,Stabroek,1.668,0.0
2020-06-13 03:00:00,15.0,Stabroek,1.0,0.0
2020-06-13 04:00:00,14.8,Stabroek,1.205,800.0
2020-06-13 05:00:00,14.8,Stabroek,2.052,82300.0
2020-06-13 06:00:00,15.8,Stabroek,2.508,662200.0
2020-06-13 07:00:00,17.4,Stabroek,2.325,1280800.0
2020-06-13 08:00:00,18.6,Stabroek,2.802,1857800.0
2020-06-13 09:00:00,19.9,Stabroek,3.463,2319000.0
2020-06-13 10:00:00,20.9,Stabroek,2.818,2775200.0
2020-06-13 11:00:00,22.3,Stabroek,3.057,3104400.0
2020-06-13 12:00:00,22.7,Stabroek,1.963,2478300.0
2020-06-13 13:00:00,23.4,Stabroek,2.159,3084100.0
2020-06-13 14:00:00,24.6,Stabroek,3.559,3174400.0
2020-06-13 15:00:00,24.7,Stabroek,2.746,2532700.0
2020-06-13 16:00:00,25.2,Stabroek,2.325,2212800.0
2020-06-13 17:00:00,24.0,Stabroek,2.538,844500.0
2020-06-13 18:00:00,24.4,Stabroek,2.075,713200.0
2020-06-13 19:00:00,23.4,Stabroek,2.607,392300.0
2020-06-13 20:00:00,22.7,Stabroek,1.684,84700.0
2020-06-13 21:00:00,20.5,Stabroek,1.268,0.0
2020-06-13 22:00:00,19.8,Stabroek,1.137,0.0
2020-06-13 23:00:00,19.2,Stabroek,0.0,0.0
2020-06-14 00:00:00,17.4,Stabroek,1.0,0.0
2020-06-14 01:00:00,16.8,Stabroek,1.731,0.0
2020-06-14 02:00:00,17.2,Stabroek,2.306,0.0
2020-06-14 03:00:00,16.4,Stabroek,1.0,0.0
2020-06-14 04:00:00,17.3,Stabroek,3.924,1500.0
2020-06-14 05:00:00,18.0,Stabroek,4.52,142400.0
2020-06-14 06:00:00,17.8,Stabroek,3.84,440400.0
2020-06-14 07:00:00,19.1,Stabroek,3.809,1032200.0
2020-06-14 08:00:00,19.2,Stabroek,3.956,1415700.0
2020-06-14 09:00:00,20.3,Stabroek,3.087,2080800.0
2020-06-14 10:00:00,20.9,Stabroek,3.419,2553700.0
2020-06-14 11:00:00,20.9,Stabroek,3.892,2217000.0
2020-06-14 12:00:00,22.1,Stabroek,4.241,2827500.0
2020-06-14 13:00:00,22.5,Stabroek,3.106,3155000.0
2020-06-14 14:00:00,22.1,Stabroek,3.666,2196300.0
2020-06-14 15:00:00,21.5,Stabroek,3.936,1740600.0
2020-06-14 16:00:00,21.4,Stabroek,4.368,1551000.0
2020-06-14 17:00:00,20.2,Stabroek,3.3,857300.0
2020-06-14 18:00:00,19.2,Stabroek,3.471,378500.0
2020-06-14 19:00:00,18.8,Stabroek,2.769,223600.0
2020-06-14 20:00:00,18.2,Stabroek,2.434,50700.0
2020-06-14 21:00:00,17.5,Stabroek,1.0,0.0
2020-06-14 22:00:00,16.9,Stabroek,1.0,0.0
2020-06-14 23:00:00,16.5,Stabroek,0.0,0.0
2020-06-15 00:00:00,16.3,Stabroek,1.05,0.0
2020-06-15 01:00:00,16.3,Stabroek,1.0,0.0
2020-06-15 02:00:00,16.1,Stabroek,1.32,0.0
2020-06-15 03:00:00,15.7,Stabroek,1.178,0.0
2020-06-15 04:00:00,15.5,Stabroek,1.0,0.0
2020-06-15 05:00:00,15.7,Stabroek,1.0,56600.0
2020-06-15 06:00:00,16.4,Stabroek,1.429,256500.0
2020-06-15 07:00:00,18.5,Stabroek,2.344,1036400.0
2020-06-15 08:00:00,20.2,Stabroek,1.984,1805000.0
2020-06-15 09:00:00,21.8,Stabroek,2.666,2290200.0
2020-06-15 10:00:00,22.6,Stabroek,2.049,2778500.0
2020-06-15 11:00:00,23.6,Stabroek,3.058,3012600.0
2020-06-15 12:00:00,23.5,Stabroek,2.841,2272600.0
2020-06-15 13:00:00,23.9,Stabroek,3.979,2799200.0
2020-06-15 14:00:00,24.1,Stabroek,3.603,1578300.0
2020-06-15 15:00:00,25.1,Stabroek,2.873,2558900.0
2020-06-15 16:00:00,24.1,Stabroek,3.477,1339800.0
2020-06-15 17:00:00,24.4,Stabroek,4.071,1110300.0
2020-06-15 18:00:00,23.8,Stabroek,2.874,1208600.0
2020-06-15 19:00:00,21.6,Stabroek,2.418,365900.0
2020-06-15 20:00:00,19.6,Stabroek,2.31,128500.0
2020-06-15 21:00:00,18.7,Stabroek,1.529,0.0
2020-06-15 22:00:00,18.1,Stabroek,1.182,0.0
2020-06-15 23:00:00,17.1,Stabroek,0.0,0.0
2020-06-16 00:00:00,16.7,Stabroek,1.137,0.0
2020-06-16 01:00:00,15.0,Stabroek,1.0,0.0
2020-06-16 02:00:00,14.7,Stabroek,1.0,0.0
2020-06-16 03:00:00,13.7,Stabroek,1.03,0.0
2020-06-16 04:00:00,13.4,Stabroek,1.209,2200.0
2020-06-16 05:00:00,14.6,Stabroek,1.666,142600.0
2020-06-16 06:00:00,16.4,Stabroek,2.148,411400.0
2020-06-16 07:00:00,18.5,Stabroek,2.028,967800.0
2020-06-16 08:00:00,20.2,Stabroek,2.108,1568500.0
2020-06-16 09:00:00,21.4,Stabroek,3.07,2293300.0
2020-06-16 10:00:00,22.2,Stabroek,2.573,1985300.0
2020-06-16 11:00:00,22.3,Stabroek,3.319,2384900.0
2020-06-16 12:00:00,24.0,Stabroek,2.415,2745300.0
2020-06-16 13:00:00,23.3,Stabroek,3.177,2534500.0
2020-06-16 14:00:00,23.3,Stabroek,3.473,1749800.0
2020-06-16 15:00:00,23.6,Stabroek,1.933,1651800.0
2020-06-16 16:00:00,21.7,Stabroek,3.945,516200.0
2020-06-16 17:00:00,19.1,Stabroek,2.187,131200.0
2020-06-16 18:00:00,18.3,Stabroek,4.359,728900.0
2020-06-16 19:00:00,17.7,Stabroek,2.339,519300.0
2020-06-16 20:00:00,17.1,Stabroek,2.48,88800.0
2020-06-16 21:00:00,16.9,Stabroek,1.278,0.0
2020-06-16 22:00:00,16.4,Stabroek,1.169,0.0
2020-06-16 23:00:00,16.3,Stabroek,1.139,0.0
2020-06-17 00:00:00,16.1,Stabroek,1.0,0.0
2020-06-17 01:00:00,16.1,Stabroek,1.0,0.0
2020-06-17 02:00:00,15.5,Stabroek,1.71,0.0
2020-06-17 03:00:00,15.0,Stabroek,1.0,0.0
2020-06-17 04:00:00,14.3,Stabroek,1.0,3500.0
2020-06-17 05:00:00,15.5,Stabroek,1.0,219900.0
2020-06-17 06:00:00,17.5,Stabroek,1.207,654200.0
2020-06-17 07:00:00,19.3,Stabroek,2.024,1128000.0
2020-06-17 08:00:00,19.7,Stabroek,2.222,1294100.0
2020-06-17 09:00:00,21.7,Stabroek,2.385,1599700.0
2020-06-17 10:00:00,22.3,Stabroek,2.203,2583800.0
2020-06-17 11:00:00,23.2,Stabroek,2.847,3014600.0
2020-06-17 12:00:00,23.8,Stabroek,3.33,2888000.0
2020-06-17 13:00:00,24.6,Stabroek,3.158,2883500.0
2020-06-17 14:00:00,23.1,Stabroek,3.867,1969100.0
2020-06-17 15:00:00,18.4,Stabroek,5.751,80100.0
2020-06-17 16:00:00,16.3,Stabroek,5.533,83400.0
2020-06-17 17:00:00,16.8,Stabroek,4.365,133600.0
2020-06-17 18:00:00,16.7,Stabroek,3.329,145500.0
2020-06-17 19:00:00,16.8,Stabroek,3.408,83000.0
2020-06-17 20:00:00,17.0,Stabroek,2.363,36200.0
2020-06-17 21:00:00,16.8,Stabroek,2.542,0.0
2020-06-17 22:00:00,16.5,Stabroek,2.96,0.0
2020-06-17 23:00:00,16.1,Stabroek,3.61,0.0
2020-06-18 00:00:00,15.9,Stabroek,3.096,0.0
2020-06-18 01:00:00,15.4,Stabroek,4.43,0.0
2020-06-18 02:00:00,15.1,Stabroek,5.442,0.0
2020-06-18 03:00:00,15.1,Stabroek,4.217,0.0
2020-06-18 04:00:00,15.1,Stabroek,4.092,0.0
2020-06-18 05:00:00,15.2,Stabroek,3.598,33500.0
2020-06-18 06:00:00,15.4,Stabroek,4.076,221000.0
2020-06-18 07:00:00,16.4,Stabroek,4.919,980600.0
2020-06-18 08:00:00,17.8,Stabroek,3.051,1708800.0
2020-06-18 09:00:00,17.6,Stabroek,4.691,1290300.0
2020-06-18 10:00:00,19.2,Stabroek,3.981,1836800.0
2020-06-18 11:00:00,19.4,Stabroek,3.3,1070300.0
2020-06-18 12:00:00,20.8,Stabroek,2.409,2047000.0
2020-06-18 13:00:00,20.8,Stabroek,1.972,1105300.0
2020-06-18 14:00:00,21.7,Stabroek,3.608,1797200.0
2020-06-18 15:00:00,21.1,Stabroek,2.908,1021200.0
2020-06-18 16:00:00,21.5,Stabroek,4.966,1178300.0
2020-06-18 17:00:00,19.9,Stabroek,3.895,1384800.0
2020-06-18 18:00:00,20.1,Stabroek,5.223,662500.0
2020-06-18 19:00:00,18.6,Stabroek,3.218,558100.0
2020-06-18 20:00:00,17.5,Stabroek,1.723,148400.0
2020-06-18 21:00:00,15.5,Stabroek,1.0,0.0
2020-06-18 22:00:00,14.5,Stabroek,1.0,0.0
2020-06-18 23:00:00,13.6,Stabroek,1.179,0.0
2020-06-19 00:00:00,13.6,Stabroek,1.088,0.0
2020-06-19 01:00:00,12.9,Stabroek,1.0,0.0
2020-06-19 02:00:00,12.4,Stabroek,1.0,0.0
2020-06-19 03:00:00,11.9,Stabroek,1.0,0.0
2020-06-19 04:00:00,12.6,Stabroek,1.488,4200.0
2020-06-19 05:00:00,14.7,Stabroek,3.117,192400.0
2020-06-19 06:00:00,15.7,Stabroek,4.002,681300.0
2020-06-19 07:00:00,17.4,Stabroek,2.792,1229300.0
2020-06-19 08:00:00,18.6,Stabroek,3.552,1811500.0
2020-06-19 09:00:00,19.1,Stabroek,4.474,1863200.0
2020-06-19 10:00:00,19.1,Stabroek,5.264,2038500.0
2020-06-19 11:00:00,19.8,Stabroek,4.728,2828000.0
2020-06-19 12:00:00,19.5,Stabroek,4.979,1703400.0
2020-06-19 13:00:00,20.5,Stabroek,3.7,1750700.0
2020-06-19 14:00:00,21.3,Stabroek,4.337,2521200.0
2020-06-19 15:00:00,21.0,Stabroek,3.736,1405000.0
2020-06-19 16:00:00,18.0,Stabroek,5.847,1183000.0
2020-06-19 17:00:00,18.4,Stabroek,3.842,938400.0
2020-06-19 18:00:00,18.7,Stabroek,2.261,1019600.0
2020-06-19 19:00:00,17.8,Stabroek,2.672,423900.0
2020-06-19 20:00:00,17.2,Stabroek,3.024,110500.0
2020-06-19 21:00:00,16.3,Stabroek,1.533,1000.0
2020-06-19 22:00:00,16.1,Stabroek,2.781,0.0
2020-06-19 23:00:00,15.6,Stabroek,3.835,0.0
2020-06-20 00:00:00,15.1,Stabroek,5.441,0.0
2020-06-20 01:00:00,14.8,Stabroek,5.071,0.0
2020-06-20 02:00:00,14.2,Stabroek,3.972,0.0
2020-06-20 03:00:00,13.7,Stabroek,3.546,0.0
2020-06-20 04:00:00,12.7,Stabroek,2.819,2900.0
2020-06-20 05:00:00,14.0,Stabroek,3.166,204000.0
2020-06-20 06:00:00,15.3,Stabroek,5.115,693100.0
2020-06-20 07:00:00,16.2,Stabroek,3.484,1307000.0
2020-06-20 08:00:00,16.7,Stabroek,2.492,1211300.0
2020-06-20 09:00:00,17.9,Stabroek,2.037,1885600.0
2020-06-20 10:00:00,18.2,Stabroek,3.095,1614900.0
2020-06-20 11:00:00,18.2,Stabroek,2.814,1101300.0
2020-06-20 12:00:00,20.4,Stabroek,2.465,2251400.0
2020-06-20 13:00:00,20.9,Stabroek,2.76,2600200.0
2020-06-20 14:00:00,21.5,Stabroek,2.625,2929700.0
2020-06-20 15:00:00,21.6,Stabroek,2.576,2387500.0
2020-06-20 16:00:00,21.4,Stabroek,2.57,2215200.0
2020-06-20 17:00:00,21.5,Stabroek,2.52,1690800.0
2020-06-20 18:00:00,20.3,Stabroek,2.717,676300.0
2020-06-20 19:00:00,19.8,Stabroek,1.976,360200.0
2020-06-20 20:00:00,18.6,Stabroek,2.27,116600.0
2020-06-20 21:00:00,16.5,Stabroek,1.008,0.0
2020-06-20 22:00:00,15.3,Stabroek,1.095,0.0
2020-06-20 23:00:00,13.7,Stabroek,1.0,0.0
2020-06-21 00:00:00,14.1,Stabroek,1.386,0.0
2020-06-21 01:00:00,14.2,Stabroek,1.656,0.0
2020-06-21 02:00:00,14.0,Stabroek,1.594,0.0
2020-06-21 03:00:00,14.0,Stabroek,1.996,0.0
2020-06-21 04:00:00,13.5,Stabroek,1.767,3800.0
2020-06-21 05:00:00,14.7,Stabroek,1.966,195600.0
2020-06-21 06:00:00,17.2,Stabroek,3.209,767200.0
2020-06-21 07:00:00,18.3,Stabroek,2.951,860700.0
2020-06-21 08:00:00,19.2,Stabroek,2.958,788500.0
2020-06-21 09:00:00,21.5,Stabroek,3.606,2103500.0
2020-06-21 10:00:00,22.2,Stabroek,6.2,2196700.0
2020-06-21 11:00:00,22.5,Stabroek,6.102,2683500.0
2020-06-21 12:00:00,22.8,Stabroek,6.462,2014400.0
2020-06-21 13:00:00,22.8,Stabroek,7.004,1743200.0
2020-06-21 14:00:00,21.6,Stabroek,4.992,772400.0
2020-06-21 15:00:00,21.6,Stabroek,5.55,653000.0
2020-06-21 16:00:00,21.9,Stabroek,5.217,1475600.0
2020-06-21 17:00:00,21.0,Stabroek,5.308,915500.0
2020-06-21 18:00:00,19.1,Stabroek,4.266,209500.0
2020-06-21 19:00:00,18.9,Stabroek,4.098,222900.0
2020-06-21 20:00:00,18.6,Stabroek,3.704,42100.0
2020-06-21 21:00:00,17.3,Stabroek,5.08,0.0
2020-06-21 22:00:00,15.7,Stabroek,3.867,0.0
2020-06-21 23:00:00,14.2,Stabroek,3.763,0.0
2020-06-22 00:00:00,14.1,Stabroek,3.828,0.0
2020-06-22 01:00:00,13.4,Stabroek,3.302,0.0
2020-06-22 02:00:00,12.9,Stabroek,2.302,0.0
2020-06-22 03:00:00,13.1,Stabroek,2.639,0.0
2020-06-22 04:00:00,13.2,Stabroek,2.544,6400.0
2020-06-22 05:00:00,14.0,Stabroek,2.65,185500.0
2020-06-22 06:00:00,15.7,Stabroek,1.884,654300.0
2020-06-22 07:00:00,17.6,Stabroek,2.203,1227000.0
2020-06-22 08:00:00,19.2,Stabroek,2.241,1789100.0
2020-06-22 09:00:00,19.3,Stabroek,2.082,2236100.0
2020-06-22 10:00:00,20.1,Stabroek,3.136,2612200.0
2020-06-22 11:00:00,20.7,Stabroek,3.761,2578500.0
2020-06-22 12:00:00,20.5,Stabroek,3.616,2936500.0
2020-06-22 13:00:00,20.8,Stabroek,4.3,3021000.0
2020-06-22 14:00:00,21.3,Stabroek,3.72,3025500.0
2020-06-22 15:00:00,21.4,Stabroek,3.413,2665300.0
2020-06-22 16:00:00,21.6,Stabroek,2.551,2224300.0
2020-06-22 17:00:00,21.1,Stabroek,3.29,1691800.0
2020-06-22 18:00:00,20.8,Stabroek,2.758,1128300.0
2020-06-22 19:00:00,19.9,Stabroek,2.382,568500.0
2020-06-22 20:00:00,18.5,Stabroek,2.404,145700.0
2020-06-22 21:00:00,17.0,Stabroek,1.498,0.0
2020-06-22 22:00:00,14.5,Stabroek,1.0,0.0
2020-06-22 23:00:00,12.6,Stabroek,1.0,0.0
2020-06-23 00:00:00,12.1,Stabroek,1.475,0.0
2020-06-23 01:00:00,11.6,Stabroek,1.0,0.0
2020-06-23 02:00:00,10.8,Stabroek,1.0,0.0
2020-06-23 03:00:00,11.0,Stabroek,1.0,0.0
2020-06-23 04:00:00,10.4,Stabroek,0.0,5100.0
2020-06-23 05:00:00,12.7,Stabroek,0.0,193400.0
2020-06-23 06:00:00,16.2,Stabroek,1.105,660500.0
2020-06-23 07:00:00,18.7,Stabroek,1.481,1218500.0
2020-06-23 08:00:00,21.5,Stabroek,1.348,1753000.0
2020-06-23 09:00:00,22.5,Stabroek,1.205,2249700.0
2020-06-23 10:00:00,23.3,Stabroek,1.106,2626400.0
2020-06-23 11:00:00,24.2,Stabroek,1.0,2913200.0
2020-06-23 12:00:00,24.9,Stabroek,1.346,3092100.0
2020-06-23 13:00:00,25.3,Stabroek,1.939,3077800.0
2020-06-23 14:00:00,26.0,Stabroek,3.539,2876800.0
2020-06-23 15:00:00,26.5,Stabroek,2.603,2580800.0
2020-06-23 16:00:00,26.5,Stabroek,1.71,2184000.0
2020-06-23 17:00:00,26.5,Stabroek,2.116,1664800.0
2020-06-23 18:00:00,26.0,Stabroek,3.369,1101300.0
2020-06-23 19:00:00,25.0,Stabroek,2.552,560800.0
2020-06-23 20:00:00,22.8,Stabroek,1.835,141000.0
2020-06-23 21:00:00,20.2,Stabroek,1.698,0.0
2020-06-23 22:00:00,19.3,Stabroek,1.812,0.0
2020-06-23 23:00:00,19.2,Stabroek,1.92,0.0
2020-06-24 00:00:00,18.1,Stabroek,1.316,0.0
2020-06-24 01:00:00,16.8,Stabroek,1.34,0.0
2020-06-24 02:00:00,16.5,Stabroek,1.195,0.0
2020-06-24 03:00:00,15.9,Stabroek,1.103,0.0
2020-06-24 04:00:00,15.6,Stabroek,1.269,6100.0
2020-06-24 05:00:00,17.5,Stabroek,1.104,199400.0
2020-06-24 06:00:00,19.7,Stabroek,1.885,666600.0
2020-06-24 07:00:00,21.4,Stabroek,2.518,1209700.0
2020-06-24 08:00:00,23.8,Stabroek,2.35,1796300.0
2020-06-24 09:00:00,25.9,Stabroek,2.467,2277000.0
2020-06-24 10:00:00,26.6,Stabroek,3.389,2534800.0
2020-06-24 11:00:00,27.8,Stabroek,3.86,3086500.0
2020-06-24 12:00:00,28.6,Stabroek,3.202,3110500.0
2020-06-24 13:00:00,28.8,Stabroek,3.32,2720900.0
2020-06-24 14:00:00,29.5,Stabroek,2.866,2954900.0
2020-06-24 15:00:00,29.4,Stabroek,4.196,2770200.0
2020-06-24 16:00:00,29.6,Stabroek,4.371,2270700.0
2020-06-24 17:00:00,29.3,Stabroek,3.943,1716800.0
2020-06-24 18:00:00,28.5,Stabroek,3.961,1160000.0
2020-06-24 19:00:00,27.5,Stabroek,3.822,610200.0
2020-06-24 20:00:00,25.3,Stabroek,3.392,157700.0
2020-06-24 21:00:00,23.5,Stabroek,2.745,0.0
2020-06-24 22:00:00,21.9,Stabroek,2.395,0.0
2020-06-24 23:00:00,21.0,Stabroek,2.485,0.0
2020-06-25 00:00:00,19.9,Stabroek,2.048,0.0
2020-06-25 01:00:00,18.3,Stabroek,1.803,0.0
2020-06-25 02:00:00,17.0,Stabroek,1.035,0.0
2020-06-25 03:00:00,16.3,Stabroek,1.301,0.0
2020-06-25 04:00:00,15.7,Stabroek,1.574,5900.0
2020-06-25 05:00:00,17.4,Stabroek,1.422,209200.0
2020-06-25 06:00:00,20.0,Stabroek,2.163,685200.0
2020-06-25 07:00:00,22.6,Stabroek,2.499,1255700.0
2020-06-25 08:00:00,23.9,Stabroek,3.339,1831000.0
2020-06-25 09:00:00,25.4,Stabroek,3.143,2346600.0
2020-06-25 10:00:00,26.9,Stabroek,3.383,2747900.0
2020-06-25 11:00:00,27.3,Stabroek,4.015,3011200.0
2020-06-25 12:00:00,27.9,Stabroek,3.593,3157300.0
2020-06-25 13:00:00,28.5,Stabroek,5.068,3143800.0
2020-06-25 14:00:00,28.8,Stabroek,4.87,2970900.0
2020-06-25 15:00:00,29.0,Stabroek,4.313,2609000.0
2020-06-25 16:00:00,29.1,Stabroek,3.171,2165300.0
2020-06-25 17:00:00,29.0,Stabroek,3.153,1634400.0
2020-06-25 18:00:00,28.4,Stabroek,3.534,1081500.0
2020-06-25 19:00:00,27.1,Stabroek,2.294,531200.0
2020-06-25 20:00:00,25.2,Stabroek,1.58,147600.0
2020-06-25 21:00:00,23.2,Stabroek,1.912,900.0
2020-06-25 22:00:00,22.9,Stabroek,2.447,0.0
2020-06-25 23:00:00,22.9,Stabroek,2.788,0.0
2020-06-26 00:00:00,22.3,Stabroek,2.022,0.0
2020-06-26 01:00:00,19.5,Stabroek,1.002,0.0
2020-06-26 02:00:00,18.4,Stabroek,1.918,0.0
2020-06-26 03:00:00,19.3,Stabroek,2.082,0.0
2020-06-26 04:00:00,18.8,Stabroek,2.094,2700.0
2020-06-26 05:00:00,19.7,Stabroek,2.107,189900.0
2020-06-26 06:00:00,21.7,Stabroek,2.508,643600.0
2020-06-26 07:00:00,23.2,Stabroek,3.708,1234200.0
2020-06-26 08:00:00,24.7,Stabroek,3.295,1672800.0
2020-06-26 09:00:00,26.3,Stabroek,3.68,2238100.0
2020-06-26 10:00:00,27.4,Stabroek,4.126,2618200.0
2020-06-26 11:00:00,28.6,Stabroek,4.838,2838000.0
2020-06-26 12:00:00,28.8,Stabroek,3.012,2498800.0
2020-06-26 13:00:00,29.8,Stabroek,3.156,2131600.0
2020-06-26 14:00:00,29.0,Stabroek,2.253,2167500.0
2020-06-26 15:00:00,29.4,Stabroek,3.232,1431800.0
2020-06-26 16:00:00,27.2,Stabroek,3.405,1455700.0
2020-06-26 17:00:00,28.1,Stabroek,2.674,1252900.0
2020-06-26 18:00:00,26.5,Stabroek,4.741,543600.0
2020-06-26 19:00:00,25.7,Stabroek,3.23,199100.0
2020-06-26 20:00:00,24.0,Stabroek,3.861,7300.0
2020-06-26 21:00:00,22.6,Stabroek,1.813,0.0
2020-06-26 22:00:00,22.3,Stabroek,1.376,0.0
2020-06-26 23:00:00,21.1,Stabroek,2.666,0.0
2020-06-27 00:00:00,20.4,Stabroek,1.708,0.0
2020-06-27 01:00:00,19.7,Stabroek,1.77,0.0
2020-06-27 02:00:00,19.9,Stabroek,3.345,0.0
2020-06-27 03:00:00,19.3,Stabroek,3.278,0.0
2020-06-27 04:00:00,19.0,Stabroek,1.565,500.0
2020-06-27 05:00:00,18.9,Stabroek,1.816,50400.0
2020-06-27 06:00:00,19.8,Stabroek,3.067,163000.0
2020-06-27 07:00:00,21.3,Stabroek,4.589,471600.0
2020-06-27 08:00:00,20.8,Stabroek,5.491,541900.0
2020-06-27 09:00:00,21.6,Stabroek,7.927,741500.0
2020-06-27 10:00:00,23.1,Stabroek,7.793,1546500.0
2020-06-27 11:00:00,23.5,Stabroek,8.0,2330400.0
2020-06-27 12:00:00,23.4,Stabroek,6.876,1280200.0
2020-06-27 13:00:00,22.2,Stabroek,7.182,852400.0
2020-06-27 14:00:00,20.4,Stabroek,6.317,910700.0
2020-06-27 15:00:00,22.5,Stabroek,7.329,1768400.0
2020-06-27 16:00:00,23.1,Stabroek,8.341,1530000.0
2020-06-27 17:00:00,22.9,Stabroek,6.561,663600.0
2020-06-27 18:00:00,20.4,Stabroek,7.956,376700.0
2020-06-27 19:00:00,19.1,Stabroek,3.783,203300.0
2020-06-27 20:00:00,18.4,Stabroek,4.786,48400.0
2020-06-27 21:00:00,18.3,Stabroek,2.697,0.0
2020-06-27 22:00:00,18.2,Stabroek,3.034,0.0
2020-06-27 23:00:00,17.6,Stabroek,3.599,0.0
2020-06-28 00:00:00,17.5,Stabroek,3.451,0.0
2020-06-28 01:00:00,17.2,Stabroek,4.242,0.0
2020-06-28 02:00:00,17.0,Stabroek,4.947,0.0
2020-06-28 03:00:00,16.5,Stabroek,6.305,0.0
2020-06-28 04:00:00,16.1,Stabroek,5.237,0.0
2020-06-28 05:00:00,15.9,Stabroek,5.805,49700.0
2020-06-28 06:00:00,16.1,Stabroek,4.875,243400.0
2020-06-28 07:00:00,16.3,Stabroek,6.071,672800.0
2020-06-28 08:00:00,17.5,Stabroek,5.797,1066100.0
2020-06-28 09:00:00,17.9,Stabroek,6.233,1669700.0
2020-06-28 10:00:00,18.8,Stabroek,6.19,2318400.0
2020-06-28 11:00:00,18.9,Stabroek,6.211,1716500.0
2020-06-28 12:00:00,19.9,Stabroek,7.103,2567700.0
2020-06-28 13:00:00,21.0,Stabroek,7.17,2465700.0
2020-06-28 14:00:00,20.7,Stabroek,6.694,2080000.0
2020-06-28 15:00:00,21.5,Stabroek,7.74,2254700.0
2020-06-28 16:00:00,21.8,Stabroek,5.941,1959800.0
2020-06-28 17:00:00,20.9,Stabroek,8.478,1547200.0
2020-06-28 18:00:00,20.8,Stabroek,7.747,1192200.0
2020-06-28 19:00:00,19.8,Stabroek,5.728,616100.0
2020-06-28 20:00:00,18.4,Stabroek,5.196,182000.0
2020-06-28 21:00:00,17.3,Stabroek,4.926,0.0
2020-06-28 22:00:00,16.8,Stabroek,3.971,0.0
2020-06-28 23:00:00,15.9,Stabroek,4.268,0.0
2020-06-29 00:00:00,15.4,Stabroek,4.919,0.0
2020-06-29 01:00:00,15.1,Stabroek,6.189,0.0
2020-06-29 02:00:00,14.4,Stabroek,5.34,0.0
2020-06-29 03:00:00,14.0,Stabroek,4.353,0.0
2020-06-29 04:00:00,13.9,Stabroek,4.263,3000.0
2020-06-29 05:00:00,14.3,Stabroek,4.888,177700.0
2020-06-29 06:00:00,14.7,Stabroek,6.355,571800.0
2020-06-29 07:00:00,15.9,Stabroek,6.053,1259800.0
2020-06-29 08:00:00,16.5,Stabroek,6.278,1434500.0
2020-06-29 09:00:00,17.0,Stabroek,7.539,1821000.0
2020-06-29 10:00:00,17.8,Stabroek,6.934,1744100.0
2020-06-29 11:00:00,17.9,Stabroek,8.893,1501200.0
2020-06-29 12:00:00,19.3,Stabroek,8.192,1836100.0
2020-06-29 13:00:00,19.2,Stabroek,5.725,1537900.0
2020-06-29 14:00:00,18.9,Stabroek,9.031,1511000.0
2020-06-29 15:00:00,19.1,Stabroek,8.837,1465000.0
2020-06-29 16:00:00,18.7,Stabroek,9.96,1053100.0
2020-06-29 17:00:00,18.4,Stabroek,8.467,763700.0
2020-06-29 18:00:00,18.2,Stabroek,8.709,705500.0
2020-06-29 19:00:00,17.3,Stabroek,9.559,435200.0
2020-06-29 20:00:00,16.7,Stabroek,6.617,60000.0
2020-06-29 21:00:00,16.1,Stabroek,8.815,0.0
2020-06-29 22:00:00,15.4,Stabroek,6.042,0.0
2020-06-29 23:00:00,15.0,Stabroek,6.661,0.0
2020-06-30 00:00:00,14.1,Stabroek,5.289,0.0
2020-06-30 01:00:00,14.2,Stabroek,5.64,0.0
2020-06-30 02:00:00,13.8,Stabroek,5.441,0.0
2020-06-30 03:00:00,13.6,Stabroek,6.122,0.0
2020-06-30 04:00:00,13.6,Stabroek,6.099,0.0
2020-06-30 05:00:00,14.0,Stabroek,6.491,86100.0
2020-06-30 06:00:00,14.7,Stabroek,5.926,286500.0
2020-06-30 07:00:00,16.1,Stabroek,7.123,879900.0
2020-06-30 08:00:00,16.9,Stabroek,6.905,1325300.0
2020-06-30 09:00:00,17.2,Stabroek,6.369,1312100.0
2020-06-30 10:00:00,18.1,Stabroek,5.949,908200.0
2020-06-30 11:00:00,19.1,Stabroek,6.651,1434500.0
2020-06-30 12:00:00,19.4,Stabroek,6.809,1434000.0
2020-06-30 13:00:00,17.5,Stabroek,6.051,672700.0
2020-06-30 14:00:00,16.8,Stabroek,4.231,453300.0
2020-06-30 15:00:00,16.7,Stabroek,4.5,521700.0
2020-06-30 16:00:00,17.1,Stabroek,4.116,510300.0
2020-06-30 17:00:00,17.6,Stabroek,6.533,326600.0
2020-06-30 18:00:00,17.2,Stabroek,5.844,179200.0
2020-06-30 19:00:00,17.3,Stabroek,5.915,30800.0
2020-06-30 20:00:00,17.5,Stabroek,5.363,11800.0
2020-06-30 21:00:00,17.7,Stabroek,4.976,0.0
2020-06-30 22:00:00,17.8,Stabroek,5.226,0.0
2020-06-30 23:00:00,17.9,Stabroek,5.056,0.0
2020-07-01 00:00:00,18.0,Stabroek,5.176,0.0
